丸亀製麺,うどん、天ぷら、ワンコイン,https://tabelog.com/tokyo/A1304/A130401/13135307/
WAIGAYA,肉、洋食、ワンコイン、日替わり,https://tabelog.com/tokyo/A1304/A130401/13178884/
ちゃん豚,韓国、ワンコイン、日替わり,https://tabelog.com/tokyo/A1304/A130401/13164085/
焼肉酒家 李苑,肉,https://tabelog.com/tokyo/A1304/A130401/13145404/
霧島,肉、ジンギスカン,https://tabelog.com/tokyo/A1304/A130401/13026909/
びっくりドンキー,ハンバーグ、肉,https://tabelog.com/tokyo/A1304/A130401/13144572/
ごまや,和食,https://tabelog.com/tokyo/A1304/A130401/13024639/
IVO ホームズパスタ,パスタ、日替わり,https://tabelog.com/tokyo/A1304/A130401/13006822/
nokishita,パスタ,https://tabelog.com/tokyo/A1304/A130401/13012182/
エルザ,パスタ、イタリアン,https://tabelog.com/tokyo/A1304/A130401/13012177/
山田屋,和食、魚,https://tabelog.com/tokyo/A1304/A130401/13011081/
りん,和食、魚,https://tabelog.com/tokyo/A1304/A130401/13024535/
広島料理 安芸,和食、魚,https://tabelog.com/tokyo/A1304/A130401/13012027/
九龍餃子房 秀,中華、日替わり,https://tabelog.com/tokyo/A1304/A130401/13010841/
南国亭,中華、日替わり,https://tabelog.com/tokyo/A1304/A130401/13097497/
鳥どり,肉、ドリンクバー,https://tabelog.com/tokyo/A1304/A130401/13012150/
ねぎし,肉、牛タン,https://tabelog.com/tokyo/A1304/A130401/13000890/
東京ドミニカ,スープカレー,https://tabelog.com/tokyo/A1304/A130401/13124113/
AVOCADO,野菜、洋食,https://tabelog.com/tokyo/A1304/A130401/13126274/
ココロカフェ,肉、洋食、ドリンクバー,https://tabelog.com/tokyo/A1304/A130401/13004296/
MUJIカフェ,野菜、洋食,https://tabelog.com/tokyo/A1304/A130401/13053848/
アカシア,肉、洋食,https://tabelog.com/tokyo/A1304/A130401/13000920/
琉球茶屋　くわっち～,沖縄,https://tabelog.com/tokyo/A1304/A130401/13039730/
すし好,和食,https://tabelog.com/tokyo/A1304/A130401/13041131/
オセロ,洋食,https://tabelog.com/tokyo/A1304/A130401/13114161/
とりや なんじゃこりゃ,洋食、カレー,https://tabelog.com/tokyo/A1304/A130401/13090747/
しゃぶ菜,肉,https://tabelog.com/tokyo/A1304/A130401/13208932/
キリンシティ,洋食、カレー,https://tabelog.com/tokyo/A1304/A130401/13012036/
とときち,和食、魚,https://tabelog.com/tokyo/A1304/A130401/13023849/
ひもの屋,和食、魚、日替わり,https://tabelog.com/tokyo/A1304/A130401/13053479/
かつ銀,揚げ物、和食、洋食,https://tabelog.com/tokyo/A1304/A130401/13012127/
サムラート,インドカレー,https://tabelog.com/tokyo/A1304/A130401/13000933/
coto cafe,カフェ,https://tabelog.com/tokyo/A1304/A130401/13145454/
アナログ,カフェ,https://tabelog.com/tokyo/A1304/A130401/13148918/
スプリガン,洋食、カフェ,https://tabelog.com/tokyo/A1304/A130401/13140173/
豚○商店 AISHI,肉、ドリンクバー,https://tabelog.com/tokyo/A1304/A130401/13164694/
慕麗路（ボレロ）,洋食,https://tabelog.com/tokyo/A1304/A130401/13159568/
広州市場,ワンタン麺、中華,https://tabelog.com/tokyo/A1304/A130401/13134209/
○宿めんてんてん,ラーメン,https://tabelog.com/tokyo/A1304/A130404/13156061/
クッチーナ デル カンポ,イタリアン、パスタ、ピザ、肉、ドリンクバー,https://tabelog.com/tokyo/A1304/A130401/13149632/
チャンパー,タイ,https://tabelog.com/tokyo/A1304/A130401/13009099/
貴太郎,ラーメン,https://tabelog.com/tokyo/A1304/A130401/13149524/